{"test_acc_before": 0.5080995082441423, "test_acc_after": 0.6411628579693376}